Zone,Score 2026
Europe/Balkans,73.73075
Americas,55.347142857142856
Africa,53.072916666666664
Asia-Pacific,47.7178125
EEAC,39.316923076923075
MENA,36.33315789473684
